residual_norm,time,compute_time,flops
391682.937500,0.000023,0.0,0.0
359819.093750,0.145784,0.014320,1.396896
332101.656250,0.288500,0.014431,1.386158
306755.093750,0.433616,0.014437,1.385562
283563.937500,0.580600,0.014610,1.369203
263254.718750,0.722628,0.014561,1.373792
244888.125000,0.868526,0.014625,1.367830
229223.781250,1.012209,0.014546,1.375257
214635.031250,1.157077,0.014466,1.382809
201752.390625,1.303232,0.014487,1.380787
190338.265625,1.448515,0.014603,1.369876
179417.984375,1.599730,0.014488,1.380714
169678.343750,1.746156,0.014699,1.360922
160848.093750,1.889574,0.014505,1.379108
152391.984375,2.033415,0.014423,1.386975
144415.796875,2.178662,0.014396,1.389555
136693.375000,2.323539,0.014350,1.393975
129738.796875,2.467191,0.014620,1.368272
123678.726562,2.611708,0.014578,1.372179
117797.414062,2.758851,0.014653,1.365217
112508.335938,2.901850,0.014542,1.375632
107427.546875,3.043921,0.014586,1.371492
102636.312500,3.187065,0.014744,1.356762
98262.421875,3.331936,0.014744,1.356793
94207.140625,3.475617,0.014381,1.390961
90472.054688,3.621660,0.014717,1.359279
86797.226562,3.765588,0.014536,1.376139
83359.281250,3.911792,0.014358,1.393187
80003.679688,4.053588,0.014394,1.389740
76825.882812,4.199291,0.014241,1.404648
73767.007812,4.352268,0.014665,1.364074
70904.953125,4.498340,0.014778,1.353609
68181.085938,4.653482,0.014938,1.339118
65637.257812,4.796704,0.014607,1.369444
63294.671875,4.946332,0.014890,1.343452
60992.433594,5.123967,0.014062,1.422593
58900.523438,5.269500,0.014741,1.357053
56899.589844,5.411286,0.014619,1.368326
54865.355469,5.556180,0.014521,1.377630
52974.648438,5.698641,0.014538,1.375996
51127.753906,5.840743,0.014729,1.358169
49399.191406,5.983077,0.014756,1.355669
47741.152344,6.179609,0.014602,1.369908
46153.160156,6.322107,0.014723,1.358728
44631.617188,6.465228,0.014626,1.367705
43142.078125,6.607920,0.014689,1.361826
41754.437500,6.750387,0.014875,1.344772
40398.789062,6.895653,0.014964,1.336817
39087.636719,7.038818,0.014618,1.368474
37929.730469,7.234327,0.014667,1.363835
36647.035156,7.378926,0.014771,1.354244
35511.742188,7.521572,0.014678,1.362871
34337.097656,7.666727,0.014673,1.363359
33239.292969,7.810143,0.014497,1.379865
32156.816406,7.953549,0.014890,1.343490
31105.912109,8.096880,0.014876,1.344721
30132.664062,8.253093,0.014884,1.344009
29184.308594,8.402245,0.014795,1.352104
28332.765625,8.556600,0.014705,1.360393
27491.355469,8.706654,0.014939,1.339001
26697.847656,8.867833,0.022415,0.892430
25900.683594,9.022160,0.014530,1.376719
25154.923828,9.184866,0.023534,0.849999
24432.824219,9.344684,0.023594,0.847854
23714.470703,9.510969,0.023750,0.842262
23039.248047,9.671559,0.023841,0.839051
22431.560547,9.829900,0.022966,0.871034
21771.539062,9.988261,0.023257,0.860112
21175.750000,10.154247,0.026743,0.748001
20584.644531,10.315427,0.023199,0.862285
19999.279297,10.474514,0.022853,0.875317
19440.640625,10.626535,0.014704,1.360472
18893.794922,10.810438,0.014572,1.372754
18342.126953,10.966504,0.014369,1.392179
17844.437500,11.119356,0.014667,1.363902
17338.978516,11.268997,0.014534,1.376372
16816.882812,11.478324,0.014727,1.358355
16342.739258,11.643184,0.026071,0.767292
15898.637695,11.860011,0.026228,0.762683
15460.188477,12.023646,0.025418,0.787016
15046.524414,12.202291,0.025913,0.771981
14657.109375,12.366691,0.026566,0.752991
14267.326172,12.535089,0.026385,0.758167
13891.577148,12.696781,0.026183,0.763993
13508.685547,12.863108,0.025773,0.776157
13150.440430,13.027978,0.026054,0.767804
12805.209961,13.192672,0.026169,0.764422
12470.267578,13.360741,0.026569,0.752898
12140.120117,13.519820,0.023805,0.840340
11786.991211,13.679288,0.023499,0.851282
11468.823242,13.839443,0.024048,0.831842
11160.068359,13.997328,0.023049,0.867906
10867.572266,14.159142,0.023250,0.860393
10574.341797,14.318404,0.023520,0.850502
10290.673828,14.479112,0.023554,0.849297
10022.074219,14.685951,0.026552,0.753402
9779.907227,14.847919,0.026089,0.766761
9517.961914,15.058422,0.018398,1.087307
9265.364258,15.220346,0.023431,0.853734
9025.126953,15.432826,0.023286,0.859066
8793.192383,15.592222,0.023713,0.843588
8558.517578,15.751466,0.023590,0.847993
8337.633789,15.913978,0.023412,0.854418
8127.715332,16.075194,0.023606,0.847422
7927.996582,16.235294,0.023936,0.835738
7736.687012,16.410485,0.022898,0.873616
7521.115723,16.577318,0.013952,1.433760
7327.476074,16.755472,0.023303,0.858420
7130.610352,16.914977,0.023694,0.844252
6953.162598,17.089838,0.022910,0.873141
6766.298340,17.256063,0.023316,0.857960
6584.954590,17.415206,0.014426,1.386708
6398.911621,17.599556,0.013790,1.450587
6233.581543,17.801167,0.013268,1.507712
6069.042480,18.008528,0.014606,1.369530
5903.216309,18.175429,0.014404,1.388802
5752.965332,18.325141,0.014270,1.401819
5603.580566,18.477770,0.014025,1.426318
5457.131836,18.627405,0.014444,1.384928
5315.827148,18.783459,0.014438,1.385548
5178.546387,18.940167,0.014449,1.384496
5048.232422,19.090387,0.014588,1.371296
4919.625977,19.246918,0.014078,1.420967
4793.275391,19.412537,0.014692,1.361519
4665.647949,19.590668,0.021136,0.946435
4544.826660,19.753374,0.014294,1.399442
4425.636719,19.906605,0.014172,1.411526
4314.100098,20.057224,0.014703,1.360530
4203.077148,20.211001,0.014643,1.366136
4099.462402,20.363919,0.014551,1.374782
3989.090088,20.516921,0.014475,1.382016
3886.435791,20.707497,0.013880,1.441190
3787.446289,20.912053,0.013659,1.464564
3696.156006,21.119925,0.014579,1.372119
3599.447266,21.288640,0.014319,1.397073
3507.074463,21.442844,0.014792,1.352308
3422.452393,21.604438,0.023492,0.851510
3332.808594,21.763537,0.023454,0.852906
3250.658936,21.922584,0.022899,0.873567
3172.855957,22.082886,0.023661,0.845429
3094.100098,22.247990,0.023084,0.866578
3021.216064,22.407395,0.023487,0.851701
2952.389648,22.570654,0.023369,0.856000
2879.745361,22.732981,0.023028,0.868693
2810.091797,22.897894,0.023535,0.849956
2742.950439,23.061239,0.022922,0.872704
2677.852295,23.221279,0.022662,0.882719
2613.020264,23.384639,0.022826,0.876386
2549.534912,23.542039,0.014136,1.415106
2482.742432,23.726233,0.013693,1.460863
2423.151367,23.930081,0.012079,1.656112
2362.582764,24.130570,0.012077,1.656393
2304.988037,24.301776,0.014675,1.363165
2246.772705,24.455925,0.014522,1.377485
2192.060059,24.604543,0.014920,1.340758
2140.176270,24.760541,0.014677,1.362984
2087.302490,24.914214,0.014548,1.374988
2035.031860,25.063914,0.014257,1.403077
1989.161865,25.213521,0.014449,1.384490
1940.609985,25.364393,0.014365,1.392510
1891.612183,25.521862,0.014269,1.401939
1842.643677,25.677213,0.014598,1.370323
1796.692749,25.828982,0.014660,1.364575
1752.106079,25.983970,0.014726,1.358393
1709.906128,26.134823,0.014399,1.389287
1668.198242,26.297633,0.014474,1.382098
1624.484619,26.474864,0.020482,0.976642
1583.082886,26.645429,0.014467,1.382780
1543.172852,26.831229,0.014151,1.413632
1505.166626,27.036931,0.014230,1.405804
1468.146606,27.256399,0.014337,1.395237
1433.083618,27.426330,0.014931,1.339788
1396.850708,27.591265,0.014027,1.426073
1364.115967,27.740515,0.014804,1.351244
1333.233643,27.892706,0.014824,1.349448
1302.256226,28.045526,0.014508,1.378843
1272.035034,28.239918,0.014681,1.362574
1240.727417,28.398194,0.014075,1.421281
1209.387695,28.600040,0.013556,1.475617
1179.241577,28.809885,0.014581,1.371925
1150.647217,28.964269,0.014233,1.405474
1122.850586,29.128559,0.014308,1.398106
1095.608398,29.286017,0.014556,1.374270
1069.562622,29.441730,0.014140,1.414757
1043.474609,29.622890,0.014035,1.425249
1018.042419,29.786455,0.014437,1.385587
992.753052,29.998462,0.014473,1.382142
969.873718,30.149229,0.014690,1.361736
948.251770,30.347292,0.013133,1.523222
926.699524,30.519365,0.023179,0.863026
903.706482,30.673055,0.014422,1.387018
881.598206,30.824853,0.014319,1.396990
860.767334,30.975693,0.014352,1.393822
840.622559,31.126169,0.014810,1.350742
821.203735,31.277011,0.014543,1.375549
802.307861,31.426947,0.014407,1.388499
783.635925,31.581792,0.014503,1.379333
765.147034,31.731928,0.014560,1.373876
747.807556,31.886584,0.014734,1.357632
730.300781,32.043610,0.014963,1.336915
713.098267,32.196716,0.014908,1.341832
697.002869,32.345175,0.014241,1.404700
681.184082,32.494973,0.014847,1.347360
664.610901,32.653406,0.014657,1.364776
648.246948,32.808667,0.014727,1.358355
633.896240,32.995068,0.014167,1.412018
619.295227,33.156312,0.014621,1.368124
604.385376,33.364142,0.014499,1.379649
591.167175,33.522837,0.014453,1.384106
577.334290,33.726649,0.014201,1.408674
564.624451,33.882991,0.014425,1.386761
550.702271,34.046561,0.014246,1.404178
537.763184,34.196309,0.015033,1.330646
525.520874,34.349521,0.014407,1.388483
513.097046,34.503940,0.014274,1.401392
501.060272,34.658789,0.014465,1.382950
489.481354,34.809799,0.014244,1.404402
478.344696,34.961075,0.014717,1.359227
466.879761,35.114848,0.014621,1.368136
456.192596,35.265449,0.014686,1.362137
446.285126,35.419033,0.014506,1.379060
435.878662,35.569977,0.014247,1.404073
425.727661,35.726389,0.014886,1.343775
416.070801,35.888474,0.023550,0.849428
407.160370,36.054271,0.022720,0.880461
398.105774,36.209385,0.014661,1.364414
388.965790,36.365812,0.014580,1.372019
380.088654,36.550621,0.013719,1.458141
370.910217,36.703024,0.014550,1.374818
362.598938,36.873134,0.014586,1.371434
354.162384,37.059172,0.013455,1.486782
345.759094,37.216623,0.014609,1.369291
337.802429,37.425433,0.014527,1.377061
330.017487,37.576108,0.014573,1.372664
321.989441,37.745821,0.014572,1.372768
314.139984,37.902158,0.014426,1.386703
306.790283,38.052622,0.014288,1.400070
300.008148,38.208523,0.014035,1.425271
292.973633,38.360578,0.014130,1.415705
286.535706,38.517187,0.014757,1.355573
280.280426,38.667046,0.014646,1.365793
274.132538,38.818037,0.014135,1.415177
267.615967,38.974280,0.014371,1.392009
261.242432,39.124661,0.013934,1.435578
255.290359,39.273862,0.014575,1.372449
249.013260,39.425668,0.014174,1.411274
243.699936,39.575105,0.014626,1.367739
238.431335,39.725678,0.014314,1.397497
232.667725,39.876869,0.014519,1.377781
227.484558,40.029731,0.013823,1.447113
222.373657,40.182606,0.014330,1.395963
217.285721,40.338247,0.014776,1.353829
211.966660,40.524046,0.013866,1.442666
207.072845,40.673416,0.014298,1.399125
202.370316,40.868411,0.014384,1.390712
197.343674,41.033912,0.014273,1.401493
192.946075,41.184819,0.014413,1.387950
188.648209,41.388005,0.014177,1.411016
184.600174,41.569636,0.024085,0.830572
180.627228,41.719999,0.014304,1.398532
176.759689,41.876131,0.014357,1.393288
172.870148,42.035196,0.022948,0.871703
169.297974,42.194094,0.023355,0.856536
165.572433,42.359458,0.023418,0.854202
161.521912,42.555303,0.023189,0.862636
157.842316,42.717339,0.023433,0.853662
154.440918,42.876114,0.023386,0.855398
151.034271,43.088847,0.023674,0.844992
147.660995,43.255686,0.022896,0.873685
144.119553,43.419918,0.023396,0.855025
140.887039,43.638483,0.023308,0.858261
137.761734,43.799218,0.023419,0.854169
134.789337,43.961244,0.023057,0.867608
131.900635,44.134197,0.023191,0.862592
129.036896,44.293085,0.023190,0.862597
126.238144,44.452150,0.022783,0.878038
123.406540,44.609992,0.023221,0.861450
120.729179,44.773637,0.023517,0.850612
118.290802,44.934972,0.023318,0.857876
115.587440,45.099080,0.023442,0.853325
113.223267,45.262492,0.023297,0.858668
110.775726,45.428187,0.023820,0.839803
108.327797,45.588178,0.023516,0.850659
106.008934,45.749174,0.023061,0.867426
103.864769,45.912551,0.023037,0.868327
101.669579,46.076625,0.023200,0.862223
99.627747,46.242586,0.023151,0.864055
97.540375,46.405953,0.023018,0.869074
95.333366,46.560622,0.014620,1.368250
93.097290,46.748468,0.014869,1.345306
91.081070,46.909946,0.023684,0.844612
89.167488,47.074902,0.023366,0.856122
87.282623,47.233587,0.022974,0.870733
85.338966,47.442312,0.014815,1.350287
83.622734,47.607569,0.023032,0.868535
81.830750,47.818261,0.023198,0.862302
80.067894,47.990735,0.023389,0.855261
78.412239,48.153088,0.023193,0.862519
76.769630,48.315794,0.023451,0.853023
75.108986,48.476569,0.023368,0.856060
73.558838,48.639390,0.023617,0.847005
71.971352,48.805721,0.023464,0.852523
70.501991,48.964731,0.023461,0.852641
69.053017,49.124301,0.023939,0.835628
67.548744,49.284652,0.023123,0.865110
66.068382,49.446866,0.023031,0.868585
64.626846,49.608986,0.023052,0.867762
63.316235,49.773010,0.023545,0.849600
61.973907,49.936744,0.023493,0.851485
60.645882,50.104250,0.023305,0.858353
59.241444,50.257751,0.014275,1.401339
57.931854,50.411358,0.014039,1.424847
56.626644,50.561595,0.014205,1.408271
55.322147,50.718755,0.022935,0.872212
54.079262,50.882732,0.023127,0.864959
52.901073,51.077496,0.023640,0.846197
51.777588,51.236402,0.023333,0.857328
50.584316,51.397971,0.023081,0.866693
49.528278,51.558758,0.023859,0.838436
48.396564,51.757909,0.014386,1.390509
47.393112,51.924211,0.022844,0.875671
46.395615,52.086988,0.023408,0.854583
45.431377,52.254450,0.023079,0.866769
44.399803,52.413440,0.013831,1.446276
43.410671,52.621374,0.016195,1.235234
42.466282,52.786924,0.023349,0.856730
41.519119,52.954793,0.014425,1.386756
40.611893,53.104661,0.014435,1.385838
39.719551,53.254676,0.014542,1.375604
38.840698,53.404595,0.014767,1.354671
37.950943,53.553789,0.014650,1.365498
37.134129,53.707294,0.014248,1.403990
36.283546,53.863946,0.014466,1.382868
35.493553,54.018480,0.014628,1.367521
34.655258,54.174967,0.014465,1.382878
33.924629,54.324550,0.014395,1.389629
33.213329,54.475212,0.014357,1.393361
32.471367,54.631399,0.014541,1.375694
31.745878,54.787909,0.014338,1.395165
31.044397,54.938114,0.014526,1.377138
30.388277,55.091644,0.014407,1.388452
29.690071,55.244471,0.014898,1.342765
29.042742,55.396032,0.014690,1.361739
28.439060,55.584169,0.013757,1.454139
27.797094,55.743048,0.014589,1.371157
27.166548,55.893978,0.014603,1.369876
26.546915,56.070336,0.014345,1.394487
25.947826,56.254620,0.013918,1.437324
25.362179,56.404586,0.014507,1.378893
24.781610,56.556639,0.014647,1.365697
24.263502,56.709177,0.014418,1.387438
23.738882,56.860039,0.014854,1.346728
23.232260,57.066391,0.014426,1.386708
22.723803,57.215783,0.014369,1.392129
22.233910,57.366159,0.014580,1.372054
21.791189,57.551913,0.023641,0.846172
21.335470,57.735366,0.023493,0.851505
20.882841,57.900724,0.023236,0.860904
20.413792,58.096052,0.023652,0.845772
19.988674,58.315031,0.022919,0.872813
19.569283,58.496057,0.023113,0.865501
19.137575,58.693737,0.023849,0.838791
18.717865,58.866196,0.023234,0.860988
18.325882,59.028303,0.022952,0.871551
17.944965,59.188094,0.023177,0.863094
17.566013,59.347121,0.023154,0.863950
17.179691,59.507048,0.014152,1.413544
16.815786,59.692827,0.013506,1.481166
16.421591,59.850767,0.014328,1.396146
16.043291,60.048228,0.012852,1.556542
15.707058,60.226011,0.014159,1.412789
15.362601,60.403695,0.014034,1.425420
15.033965,60.571069,0.014984,1.335008
14.712442,60.722687,0.014580,1.371974
14.392653,60.878554,0.014427,1.386558
14.067557,61.029222,0.014498,1.379753
13.741351,61.180159,0.014457,1.383724
13.439820,61.330383,0.014660,1.364559
13.145941,61.493030,0.014757,1.355582
12.859541,61.649282,0.014232,1.405597
12.583267,61.800288,0.014310,1.397917
12.305775,61.956848,0.014413,1.387875
12.030052,62.107173,0.014477,1.381797
11.770279,62.260146,0.014420,1.387235
11.505162,62.413822,0.014507,1.378913
11.267856,62.563984,0.014207,1.408063
11.027437,62.716848,0.014462,1.383240
10.783515,62.874603,0.014302,1.398689
10.541896,63.025670,0.014560,1.373867
10.321456,63.180891,0.014547,1.375161
10.103200,63.364901,0.013794,1.450233
9.888895,63.522976,0.014393,1.389849
9.663044,63.723304,0.013618,1.468928
9.454048,63.876497,0.014806,1.351110
9.249136,64.085771,0.014512,1.378447
9.053313,64.239458,0.014388,1.390279
8.860375,64.407777,0.014425,1.386755
8.659678,64.562156,0.014565,1.373418
8.462630,64.716652,0.014465,1.382929
8.280845,64.870921,0.014634,1.366920
8.099812,65.025243,0.014955,1.337586
7.923075,65.177008,0.014533,1.376442
7.751728,65.326878,0.014482,1.381332
7.583566,65.477632,0.014346,1.394364
7.414018,65.636811,0.023421,0.854122
7.267122,65.798321,0.023189,0.862653
7.110630,65.963352,0.023572,0.848639
6.958192,66.125277,0.023360,0.856340
6.815666,66.284139,0.023370,0.855978
6.662652,66.448332,0.023764,0.841789
6.519661,66.610271,0.023497,0.851327
6.381368,66.775157,0.023501,0.851204
6.246715,66.936072,0.022841,0.875779
6.108209,67.133429,0.023863,0.838290
5.971112,67.292243,0.023129,0.864887
5.848305,67.507783,0.023225,0.861330
5.728804,67.660169,0.014222,1.406597
5.603993,67.865613,0.014484,1.381074
5.490832,68.032031,0.022804,0.877219
5.374424,68.193027,0.022647,0.883279
5.261923,68.368490,0.022986,0.870260
5.151604,68.532351,0.023058,0.867553
5.044184,68.691983,0.022666,0.882542
4.941121,68.852112,0.023763,0.841819
4.835962,69.010516,0.023257,0.860112
4.735671,69.191172,0.022899,0.873574
4.626741,69.372924,0.021665,0.923321
4.537621,69.537306,0.023682,0.844706
4.444342,69.751879,0.023140,0.864484
4.348577,69.902031,0.014392,1.389900
4.260874,70.062578,0.023085,0.866553
4.176401,70.281079,0.022878,0.874365
4.088533,70.433686,0.014507,1.378935
3.999884,70.586314,0.014239,1.404896
3.913301,70.753112,0.014470,1.382478
3.827060,70.902259,0.014261,1.402669
3.738654,71.051969,0.014374,1.391696
3.661090,71.204171,0.014864,1.345790
3.577991,71.354095,0.014474,1.382095
3.501244,71.520024,0.026347,0.759254
3.426703,71.687002,0.026234,0.762517
3.354510,71.855809,0.026776,0.747088
3.284642,72.020508,0.025665,0.779413
3.211302,72.183528,0.026431,0.756832
3.145909,72.345894,0.026171,0.764354
3.079309,72.511473,0.026211,0.763201
3.014035,72.673416,0.023794,0.840705
2.951358,72.836115,0.023850,0.838727
2.887979,72.995411,0.023319,0.857844
2.826519,73.160117,0.023179,0.863037
2.763811,73.325907,0.025769,0.776268
2.706358,73.523789,0.022973,0.870752
2.650944,73.733247,0.022873,0.874567
2.597522,73.896075,0.023595,0.847802
2.545833,74.060323,0.023560,0.849057
2.495170,74.259308,0.023769,0.841588
2.441920,74.436040,0.023848,0.838804
2.389530,74.593433,0.022988,0.870184
2.339116,74.753673,0.023284,0.859116
2.292823,74.929792,0.022464,0.890488
2.245689,75.094870,0.024033,0.832354
2.199574,75.254747,0.023230,0.861141
2.150401,75.455021,0.022585,0.885728
2.104726,75.618192,0.023588,0.848064
2.062306,75.829336,0.023246,0.860538
2.016562,76.056750,0.021334,0.937660
1.976573,76.214965,0.023059,0.867532
1.936588,76.379588,0.023692,0.844350
1.901145,76.539385,0.023878,0.837758
1.864144,76.701802,0.023946,0.835384
1.826370,76.861296,0.023477,0.852058
1.788167,77.021428,0.023975,0.834358
1.751476,77.184014,0.023283,0.859160
1.715090,77.346886,0.023115,0.865425
1.677432,77.496224,0.014742,1.356974
1.640958,77.649274,0.014355,1.393568
1.605283,77.802583,0.014833,1.348626
1.569877,77.953692,0.014621,1.368156
1.536188,78.103546,0.014585,1.371571
1.503804,78.256099,0.014485,1.380998
1.470043,78.410640,0.014584,1.371629
1.439044,78.562976,0.014553,1.374532
1.408906,78.751336,0.012342,1.620841
1.379572,78.904391,0.014714,1.359542
1.351187,79.111740,0.014227,1.406043
1.320960,79.262585,0.014690,1.361786
1.292673,79.415914,0.014085,1.420276
1.264445,79.567169,0.014029,1.425923
1.238162,79.716988,0.014312,1.397685
1.209042,79.921586,0.014876,1.344702
1.182301,80.071637,0.014242,1.404617
1.157677,80.225891,0.014746,1.356579
1.133071,80.377091,0.014646,1.365808
1.108418,80.526270,0.014215,1.407246
1.084481,80.697702,0.014487,1.380807
1.061507,80.851765,0.014217,1.407087
1.039092,81.003469,0.014538,1.375947
1.016428,81.156610,0.014177,1.411022
0.993758,81.306880,0.014054,1.423407
0.972248,81.462560,0.014389,1.390217
0.950693,81.612981,0.014074,1.421380
0.930840,81.762212,0.014224,1.406401
0.910435,81.912893,0.014676,1.363005
0.890897,82.077842,0.022711,0.880791
0.872007,82.227536,0.014531,1.376687
0.853282,82.381447,0.014369,1.392198
0.835528,82.540605,0.014815,1.350280
0.817330,82.694179,0.014399,1.389311
0.801619,82.847797,0.013846,1.444735
0.783854,82.997867,0.014524,1.377303
0.766289,83.189440,0.012396,1.613769
0.750429,83.396539,0.014381,1.391024
0.733656,83.545779,0.014367,1.392370
0.717780,83.697879,0.014537,1.376085
0.703312,83.850996,0.014762,1.355096
0.688312,84.005418,0.014703,1.360532
0.674418,84.159805,0.014677,1.362915
0.660679,84.358000,0.012181,1.642236
0.646126,84.508232,0.014664,1.364128
0.631900,84.657549,0.014586,1.371482
0.618186,84.822963,0.014557,1.374162
0.604861,84.980087,0.014300,1.398851
0.591452,85.133792,0.014668,1.363740
0.579134,85.285407,0.014171,1.411579
0.567037,85.439497,0.014426,1.386655
0.554625,85.592783,0.013948,1.434208
0.542786,85.742996,0.014384,1.390715
0.531115,85.895484,0.014856,1.346517
0.519285,86.053889,0.014333,1.395679
0.508540,86.208826,0.014397,1.389426
0.498081,86.359634,0.014308,1.398147
0.487478,86.520133,0.014666,1.363940
0.477297,86.671955,0.014090,1.419780
0.466848,86.821745,0.014878,1.344553
0.456398,86.976043,0.014598,1.370288
0.447088,87.129021,0.014612,1.369011
0.438648,87.287653,0.023007,0.869483
0.429225,87.453687,0.026509,0.754613
0.420245,87.644838,0.013616,1.469108
0.411405,87.794236,0.014759,1.355422
0.402141,87.945064,0.014748,1.356361
0.394156,88.107384,0.023216,0.861643
0.386649,88.269355,0.023043,0.868111
0.378954,88.434851,0.022978,0.870580
0.370694,88.602978,0.023389,0.855259
0.362625,88.801693,0.013824,1.447014
0.354995,88.955321,0.014582,1.371786
0.347554,89.107657,0.014608,1.369425
0.340572,89.258234,0.014743,1.356853
0.333648,89.413105,0.014361,1.392987
0.326799,89.562538,0.013919,1.437128
0.320381,89.740026,0.014065,1.422269
0.313328,89.916639,0.013744,1.455445
0.306894,90.071294,0.014503,1.379347
0.300225,90.220750,0.014374,1.391651
0.293960,90.380822,0.014965,1.336744
0.287410,90.535579,0.014393,1.389882
0.281237,90.689059,0.014417,1.387549
0.275611,90.839999,0.014015,1.427290
0.269805,91.006048,0.013993,1.429544
0.264170,91.159303,0.014673,1.363360
0.258239,91.316875,0.022713,0.880723
0.252694,91.476376,0.022766,0.878663
0.247226,91.634515,0.022486,0.889605
0.241857,91.792086,0.014565,1.373429
0.236986,91.945337,0.014361,1.392900
0.231843,92.098569,0.014610,1.369224
0.227301,92.254747,0.014569,1.373017
0.222622,92.407891,0.014288,1.400099
0.218054,92.561001,0.014358,1.393194
0.213306,92.713797,0.014414,1.387853
0.208914,92.864096,0.014251,1.403731
0.204407,93.016940,0.014673,1.363284
0.200053,93.167770,0.014716,1.359344
0.195753,93.319896,0.014596,1.370526
0.191429,93.474502,0.014092,1.419571
0.187523,93.675182,0.025906,0.772187
0.183776,93.840820,0.023095,0.866173
0.180192,94.003081,0.022958,0.871341
0.176432,94.170920,0.023134,0.864690
0.172686,94.328837,0.023108,0.865668
0.169137,94.491956,0.023920,0.836303
0.165756,94.657071,0.023522,0.850454
0.162306,94.825313,0.022639,0.883624
0.158792,95.037433,0.026652,0.750574
0.155471,95.201271,0.025947,0.770955
0.152331,95.364343,0.026340,0.759444
0.149125,95.526795,0.026371,0.758548
0.146278,95.694995,0.026395,0.757876
0.143201,95.858451,0.022818,0.876671
0.140339,96.022703,0.023006,0.869508
0.137389,96.212169,0.023247,0.860492
0.134526,96.397524,0.027544,0.726245
0.131691,96.565941,0.026755,0.747681
0.128996,96.733185,0.026463,0.755922
0.126324,96.897230,0.026695,0.749353
0.123737,97.058818,0.026322,0.759983
0.121142,97.225275,0.026724,0.748538
0.118797,97.387068,0.026303,0.760536
0.116449,97.563144,0.023769,0.841612
0.114223,97.725834,0.023981,0.834162
0.111895,97.890826,0.023261,0.859999
0.109617,98.040438,0.014782,1.353251
0.107231,98.191644,0.014746,1.356605
0.104765,98.342281,0.014543,1.375473
0.102350,98.499032,0.014204,1.408381
0.100234,98.653168,0.014637,1.366637
0.098039,98.834980,0.013124,1.524198
0.096003,98.989878,0.014401,1.389095
0.094031,99.192789,0.012078,1.656220
0.092015,99.342891,0.014203,1.408446
0.090044,99.495366,0.014400,1.389126
0.088038,99.699419,0.014597,1.370383
0.086046,99.850016,0.014270,1.401818
0.084262,100.005726,0.014390,1.390099
0.082500,100.155319,0.014503,1.379309
0.080761,100.326091,0.014619,1.368330
0.079017,100.479383,0.014485,1.381030
0.077367,100.629537,0.014756,1.355694
0.075749,100.784049,0.014537,1.376049
0.074182,100.937321,0.014747,1.356519
0.072647,101.087697,0.014575,1.372484
0.071111,101.236731,0.014278,1.401042
0.069643,101.387677,0.014925,1.340294
0.068175,101.538130,0.014557,1.374190
0.066768,101.691901,0.014742,1.356976
0.065273,101.845996,0.014705,1.360313
0.063832,101.999840,0.014640,1.366366
0.062532,102.162046,0.023427,0.853872
0.061209,102.311832,0.014584,1.371649
0.059917,102.466837,0.014391,1.390026
0.058569,102.619447,0.014592,1.370919
0.057300,102.773825,0.014327,1.396255
0.056131,102.923167,0.014664,1.364143
0.054888,103.113693,0.013928,1.436205
0.053754,103.269429,0.014421,1.387168
0.052661,103.425327,0.014515,1.378173
0.051567,103.582660,0.014714,1.359485
0.050461,103.733374,0.014600,1.370125
0.049445,103.884834,0.014783,1.353206
0.048436,104.037323,0.014814,1.350383
0.047400,104.187944,0.014504,1.379239
0.046390,104.392399,0.013374,1.495731
0.045442,104.594226,0.014754,1.355844
0.044582,104.746487,0.014618,1.368466
0.043606,104.897366,0.014512,1.378431
0.042699,105.047958,0.014339,1.395064
0.041794,105.200965,0.014413,1.387912
0.040917,105.356912,0.014256,1.403195
0.040048,105.510700,0.014508,1.378862
0.039226,105.666597,0.014824,1.349410
0.038374,105.820049,0.014438,1.385532
0.037577,105.971667,0.014266,1.402188
0.036734,106.125759,0.013996,1.429224
0.035927,106.276481,0.014662,1.364363
0.035190,106.444163,0.014129,1.415815
0.034403,106.596622,0.014371,1.392012
0.033721,106.766421,0.026865,0.744618
0.033032,106.940637,0.025830,0.774439
0.032284,107.146077,0.014416,1.387602
0.031611,107.358857,0.014745,1.356709
0.030932,107.561171,0.012804,1.562274
0.030270,107.726982,0.013778,1.451873
0.029625,107.880880,0.014228,1.406001
0.029024,108.031404,0.014405,1.388640
0.028431,108.190490,0.014887,1.343681
0.027845,108.380701,0.013903,1.438838
0.027271,108.537686,0.014522,1.377479
0.026714,108.748904,0.014488,1.380776
0.026131,108.902348,0.014368,1.392277
0.025582,109.108962,0.014197,1.409050
0.025042,109.258705,0.014088,1.419968
0.024529,109.419559,0.014424,1.386890
0.024001,109.573278,0.014780,1.353442
0.023473,109.725492,0.014436,1.385681
0.022977,109.879075,0.014483,1.381204
0.022494,110.030950,0.014174,1.411307
0.022014,110.184604,0.014569,1.373023
0.021573,110.338901,0.014184,1.410295
0.021104,110.490303,0.014225,1.406299
0.020659,110.647127,0.014736,1.357506
0.020225,110.801405,0.014802,1.351449
0.019784,110.952113,0.014359,1.393136
0.019368,111.102123,0.014378,1.391334
0.018977,111.252626,0.014515,1.378184
0.018588,111.406137,0.014590,1.371039
0.018199,111.560436,0.014136,1.415123
0.017803,111.718819,0.014674,1.363228
0.017405,111.868732,0.014185,1.410256
0.017049,112.019136,0.014736,1.357469
0.016678,112.169776,0.014680,1.362645
0.016352,112.328494,0.014424,1.386876
0.015995,112.515155,0.013637,1.466935
0.015694,112.665379,0.014477,1.381799
0.015389,112.827202,0.023114,0.865454
0.015078,113.041420,0.022803,0.877253
0.014782,113.202574,0.023458,0.852753
0.014475,113.356034,0.014395,1.389647
0.014170,113.512756,0.014509,1.378738
0.013865,113.715841,0.014719,1.359030
0.013573,113.871242,0.014248,1.403960
0.013287,114.023495,0.014390,1.390108
0.013019,114.206320,0.023353,0.856579
0.012758,114.370142,0.023561,0.849038
0.012501,114.534868,0.023733,0.842870
0.012254,114.693407,0.023313,0.858074
0.012001,114.870381,0.023824,0.839646
0.011764,115.050519,0.025891,0.772618
0.011509,115.236677,0.026026,0.768624
0.011274,115.405437,0.023310,0.858185
0.011043,115.579952,0.023845,0.838924
0.010816,115.753606,0.024626,0.812325
0.010592,115.930207,0.025430,0.786623
0.010377,116.109462,0.025418,0.786992
0.010153,116.293763,0.023483,0.851848
0.009950,116.448888,0.014669,1.363714
0.009752,116.634937,0.014589,1.371150
0.009544,116.844833,0.014628,1.367484
0.009343,117.045453,0.014058,1.422977
0.009144,117.213645,0.014706,1.360255
0.008961,117.369935,0.014738,1.357346
0.008776,117.523881,0.014621,1.368180
0.008590,117.672329,0.014195,1.409191
0.008423,117.822261,0.014737,1.357434
0.008245,117.976930,0.014627,1.367568
0.008066,118.129186,0.014729,1.358171
0.007892,118.278557,0.014832,1.348736
0.007734,118.430231,0.014518,1.377873
0.007578,118.582499,0.014541,1.375736
0.007427,118.738261,0.014874,1.344903
0.007272,118.891595,0.014559,1.374016
0.007121,119.044723,0.014682,1.362465
0.006970,119.199805,0.014714,1.359552
0.006826,119.351305,0.014660,1.364549
0.006683,119.509305,0.014606,1.369586
0.006543,119.698118,0.014016,1.427227
0.006403,119.893912,0.014561,1.373852
0.006267,120.063234,0.014133,1.415457
0.006132,120.271398,0.014431,1.386159
0.006012,120.423407,0.014343,1.394668
0.005882,120.592200,0.014799,1.351691
0.005761,120.748052,0.014500,1.379569
0.005642,120.900985,0.014674,1.363187
0.005526,121.056962,0.014717,1.359243
0.005408,121.206279,0.014432,1.386126
0.005300,121.365392,0.014934,1.339522
0.005189,121.515503,0.014970,1.336280
0.005084,121.666009,0.014461,1.383353
0.004980,121.828489,0.024022,0.832744
0.004878,121.987361,0.023912,0.836563
0.004782,122.150723,0.023369,0.856003
0.004683,122.311089,0.023657,0.845578
0.004586,122.469309,0.023150,0.864120
0.004494,122.628074,0.023693,0.844313
0.004400,122.788806,0.023058,0.867565
0.004311,122.953524,0.023484,0.851831
0.004214,123.107983,0.014509,1.378688
0.004129,123.258729,0.014494,1.380167
0.004040,123.447575,0.014879,1.344439
0.003957,123.600508,0.014490,1.380514
0.003874,123.801106,0.012446,1.607224
0.003792,123.955056,0.014775,1.353876
0.003716,124.162387,0.014628,1.367557
0.003640,124.313600,0.014692,1.361516
0.003564,124.468358,0.014415,1.387682
0.003490,124.618906,0.014771,1.354263
0.003420,124.789761,0.014607,1.369472
0.003347,124.943075,0.014274,1.401383
0.003279,125.102530,0.023824,0.839648
0.003211,125.263676,0.022964,0.871097
0.003146,125.422557,0.023349,0.856735
0.003080,125.576037,0.014763,1.355044
0.003018,125.733062,0.014812,1.350567
0.002957,125.883780,0.014537,1.376113
0.002897,126.035554,0.014394,1.389710
0.002836,126.188073,0.014801,1.351487
0.002777,126.337943,0.014422,1.387008
0.002722,126.490572,0.014378,1.391257
0.002665,126.642182,0.014375,1.391579
0.002608,126.796351,0.014305,1.398361
0.002554,126.947406,0.014058,1.422940
0.002498,127.106742,0.014752,1.355977
0.002440,127.291161,0.014124,1.416348
0.002390,127.449899,0.014634,1.366992
0.002338,127.600029,0.014678,1.362820
0.002290,127.751554,0.014946,1.338416
0.002243,127.919590,0.026410,0.757453
0.002199,128.097225,0.026344,0.759337
0.002152,128.268007,0.022755,0.879097
0.002108,128.565531,0.021025,0.951438
0.002068,128.753478,0.014618,1.368430
0.002027,128.915059,0.026317,0.760125
0.001988,129.082861,0.026566,0.753000
0.001949,129.249257,0.026857,0.744823
0.001913,129.412592,0.026779,0.747012
0.001873,129.574312,0.026509,0.754621
0.001835,129.742399,0.026383,0.758204
0.001799,129.909040,0.026188,0.763849
0.001765,130.071349,0.026738,0.748150
0.001727,130.240019,0.026429,0.756903
0.001692,130.408025,0.023731,0.842950
0.001656,130.569026,0.023181,0.862962
0.001624,130.727970,0.023883,0.837571
0.001590,130.889327,0.023509,0.850912
0.001557,131.050736,0.024501,0.816450
0.001526,131.254149,0.022676,0.882151
0.001494,131.417543,0.023793,0.840755
0.001465,131.611417,0.023316,0.857951
0.001434,131.792932,0.023522,0.850449
0.001405,131.990811,0.023072,0.867022
0.001375,132.164542,0.023217,0.861594
0.001348,132.342047,0.023167,0.863488
0.001321,132.501274,0.023720,0.843344
0.001294,132.663461,0.023725,0.843147
0.001268,132.822183,0.022977,0.870617
0.001244,132.983848,0.022940,0.872027
0.001219,133.142269,0.023489,0.851646
0.001196,133.304285,0.023332,0.857352
0.001172,133.467329,0.023060,0.867469
0.001147,133.626126,0.023247,0.860497
0.001125,133.788226,0.023380,0.855591
0.001102,133.951674,0.023249,0.860414
0.001080,134.102577,0.014154,1.413313
0.001057,134.255379,0.014401,1.389100
0.001035,134.408987,0.014283,1.400501
0.001015,134.575922,0.024398,0.819897
0.000995,134.776801,0.023327,0.857543
0.000976,134.944153,0.023563,0.848957
0.000957,135.108275,0.023464,0.852538
0.000939,135.265897,0.023158,0.863822
0.000918,135.482133,0.021827,0.916463
0.000899,135.689874,0.016092,1.243078
0.000881,135.851159,0.023089,0.866399
0.000863,136.023509,0.023421,0.854090
0.000845,136.177083,0.014084,1.420305
0.000826,136.334104,0.014243,1.404484
0.000809,136.489574,0.014248,1.404029
0.000792,136.639962,0.014400,1.389126
0.000777,136.800401,0.024299,0.823243
0.000763,136.960964,0.023707,0.843802
0.000747,137.122882,0.023057,0.867602
0.000732,137.281450,0.022975,0.870678
0.000717,137.444082,0.022801,0.877331
0.000702,137.599896,0.014167,1.412022
0.000688,137.748927,0.013977,1.431248
0.000674,137.900758,0.014587,1.371357
0.000659,138.057019,0.014977,1.335686
0.000645,138.210108,0.014820,1.349816
0.000631,138.410164,0.023723,0.843219
0.000618,138.569436,0.023350,0.856714
0.000606,138.731870,0.023084,0.866570
0.000594,138.890772,0.022535,0.887691
0.000583,139.048719,0.022709,0.880882
0.000572,139.198649,0.014507,1.378929
0.000560,139.348845,0.014311,1.397794
0.000548,139.554699,0.014586,1.371479
0.000537,139.763693,0.013995,1.429344
0.000525,139.933784,0.014806,1.351062
0.000514,140.085205,0.014049,1.423829
0.000503,140.240286,0.014790,1.352570
0.000494,140.389851,0.014643,1.366121
0.000484,140.539070,0.014573,1.372634
0.000474,140.691951,0.014686,1.362111
0.000464,140.843448,0.014729,1.358160
0.000454,140.998738,0.014322,1.396737
0.000444,141.151167,0.014439,1.385374
0.000434,141.304066,0.014778,1.353602
0.000426,141.453911,0.015002,1.333420
0.000416,141.605643,0.013960,1.433001
0.000408,141.754735,0.009692,2.063955
0.000399,141.907519,0.014562,1.373686
0.000391,142.062822,0.014282,1.400676
0.000383,142.219490,0.014211,1.407632
0.000375,142.369699,0.014242,1.404535
0.000367,142.519029,0.014318,1.397132
0.000359,142.673086,0.014362,1.392796
0.000351,142.829885,0.014554,1.374434
0.000344,142.978720,0.014256,1.403169
0.000337,143.161819,0.014361,1.392986
0.000330,143.315253,0.014326,1.396315
0.000323,143.473450,0.014943,1.338712
0.000316,143.684517,0.014637,1.366707
0.000310,143.887922,0.013498,1.482035
0.000304,144.036808,0.014692,1.361557
0.000297,144.187507,0.014324,1.396510
0.000291,144.340079,0.014369,1.392131
0.000285,144.517159,0.014388,1.390342
0.000279,144.680321,0.023708,0.843774
0.000274,144.843845,0.022777,0.878273
0.000268,145.007468,0.022715,0.880633
0.000263,145.160354,0.014555,1.374401
0.000257,145.312978,0.014601,1.370072
0.000252,145.466590,0.014640,1.366415
0.000247,145.617381,0.014423,1.386995
0.000242,145.771221,0.014260,1.402805
0.000237,145.921170,0.014150,1.413660
0.000232,146.077671,0.014222,1.406531
0.000227,146.228470,0.014083,1.420401
0.000222,146.382906,0.014862,1.345982
0.000218,146.533617,0.014554,1.374429
0.000213,146.689780,0.014636,1.366767
0.000208,146.840230,0.014681,1.362570
0.000204,146.994562,0.014650,1.365506
0.000200,147.145521,0.014688,1.361964
0.000196,147.297060,0.014355,1.393544
0.000192,147.483701,0.012361,1.618361
0.000188,147.681471,0.011662,1.715342
0.000184,147.832378,0.014185,1.410256
0.000180,147.982513,0.014443,1.384988
0.000177,148.133842,0.014348,1.394249
0.000173,148.289146,0.014569,1.373066
0.000169,148.440915,0.014867,1.345538
0.000166,148.590568,0.014864,1.345783
0.000163,148.788505,0.012311,1.624954
0.000159,148.955589,0.014284,1.400469
0.000156,149.105757,0.014527,1.377041
0.000153,149.256577,0.014748,1.356382
0.000150,149.414415,0.014518,1.377880
0.000147,149.569120,0.014947,1.338317
0.000144,149.719358,0.014654,1.365103
0.000141,149.869426,0.014425,1.386806
0.000138,150.022227,0.014407,1.388525
0.000135,150.176969,0.014737,1.357420
0.000132,150.330203,0.014776,1.353840
0.000130,150.483302,0.014865,1.345728
0.000127,150.634063,0.014212,1.407502
0.000124,150.784172,0.014381,1.391015
0.000122,150.938636,0.014281,1.400718
0.000119,151.088119,0.014474,1.382063
0.000117,151.242261,0.014718,1.359172
0.000114,151.398576,0.014617,1.368561
0.000112,151.550061,0.014518,1.377874
0.000110,151.701089,0.014722,1.358822
0.000107,151.857198,0.014429,1.386338
0.000105,152.007367,0.014538,1.375967
0.000103,152.161947,0.014429,1.386351
0.000101,152.313374,0.014578,1.372161
0.000098,152.465932,0.013948,1.434163
0.000096,152.618653,0.014517,1.377953
0.000094,152.769315,0.014274,1.401447
0.000093,152.919912,0.014640,1.366430
0.000091,153.073608,0.014295,1.399388
0.000089,153.223883,0.014729,1.358106
0.000087,153.377441,0.014308,1.398133
0.000085,153.530556,0.014081,1.420623
0.000083,153.681007,0.014394,1.389723
0.000081,153.832673,0.014414,1.387857
0.000080,153.985638,0.014507,1.378905
0.000078,154.134355,0.014738,1.357345
0.000077,154.286339,0.014365,1.392544
0.000075,154.436327,0.014616,1.368609
0.000074,154.585690,0.014263,1.402546
0.000072,154.735927,0.014588,1.371283
0.000071,154.889779,0.014404,1.388758
0.000069,155.040916,0.014782,1.353308
0.000068,155.191570,0.014237,1.405092
0.000066,155.341218,0.014308,1.398059
0.000065,155.491383,0.014532,1.376582
0.000064,155.640893,0.014423,1.386947
0.000062,155.796260,0.014517,1.377955
0.000061,155.946542,0.014298,1.399064
0.000060,156.099535,0.014631,1.367211
0.000058,156.248484,0.014186,1.410082
0.000057,156.401500,0.014614,1.368870
0.000056,156.554131,0.009743,2.053089
0.000055,156.704080,0.014523,1.377448
0.000054,156.860933,0.014646,1.365841
0.000053,157.013410,0.014388,1.390360
0.000052,157.166505,0.014156,1.413071
0.000051,157.319777,0.014461,1.383351
0.000049,157.472241,0.014333,1.395656
0.000048,157.624205,0.014410,1.388213
0.000047,157.775185,0.014294,1.399434
0.000047,157.927912,0.009367,2.135566
0.000046,158.089784,0.023245,0.860559
0.000045,158.251184,0.023227,0.861228
0.000044,158.410693,0.022858,0.875157
0.000043,158.569199,0.023162,0.863638
0.000042,158.771192,0.023790,0.840853
0.000041,158.989578,0.022915,0.872982
0.000040,159.149008,0.023329,0.857467
0.000039,159.361476,0.023396,0.855032
0.000039,159.541636,0.022692,0.881543
0.000038,159.707310,0.023384,0.855439
0.000037,159.856906,0.014626,1.367674
0.000036,160.010877,0.014368,1.392276
0.000036,160.161885,0.014707,1.360213
0.000035,160.318324,0.014299,1.399015
0.000034,160.467779,0.014099,1.418818
0.000033,160.620179,0.014578,1.372162
0.000033,160.769479,0.014362,1.392811
0.000032,160.925063,0.014444,1.384957
0.000031,161.074954,0.014806,1.351053
0.000031,161.232029,0.014874,1.344899
0.000030,161.385416,0.014592,1.370931
0.000029,161.536311,0.014125,1.416193
0.000029,161.690970,0.013451,1.487151
0.000028,161.848956,0.014057,1.423069
0.000028,162.035931,0.013244,1.510455
0.000027,162.194799,0.014241,1.404714
0.000026,162.395217,0.013695,1.460664
